,precision,recall,f1-score,support
Negative,0.8157894736842105,0.9538461538461539,0.8794326241134752,65.0
Positive,0.963855421686747,0.851063829787234,0.903954802259887,94.0
accuracy,0.8930817610062893,0.8930817610062893,0.8930817610062893,0.8930817610062893
macro avg,0.8898224476854788,0.902454991816694,0.8916937131866811,159.0
weighted avg,0.9033253171574082,0.8930817610062893,0.8939300124516054,159.0
